name,url,license,path,downloaded,rows,cols,start,end,note
SF 311 Cases (Tree Maintenance),https://data.sfgov.org/City-Infrastructure/311-Cases/vw6y-z8j6,Public Domain Dedication and License (PDDL) v1.0,https://data.sfgov.org/resource/vw6y-z8j6.csv?$where=service_name=%27Tree%20Maintenance%27&$limit=500000,2026-09-18,175223,25,2008-07-01 01:56:58,2026-09-16 22:12:59,
SF 311 Cases (Tree Maintenance),https://data.sfgov.org/City-Infrastructure/311-Cases/vw6y-z8j6,Public Domain Dedication and License (PDDL) v1.0,https://data.sfgov.org/resource/vw6y-z8j6.csv?$where=service_name=%27Tree%20Maintenance%27&$limit=500000,2026-09-18,175223,26,2008-07-01 01:56:58,2026-09-16 22:12:59,
SF Street-Use Permits,https://data.sf.gov/City-Infrastructure/Street-Use-Permits/b6tj-gt35,Public Domain Dedication and License (PDDL) v1.0,https://data.sfgov.org/resource/b6tj-gt35.csv?$limit=500000,2026-09-18,500000,31,1900-01-01 00:07:00,2209-09-27 23:00:00,
SF 311 Cases (Tree Maintenance),https://data.sfgov.org/City-Infrastructure/311-Cases/vw6y-z8j6,Public Domain Dedication and License (PDDL) v1.0,https://data.sfgov.org/resource/vw6y-z8j6.csv?$where=service_name=%27Tree%20Maintenance%27&$limit=500000,2026-09-18,175223,26,2008-07-01 01:56:58,2026-09-16 22:12:59,
SF Street-Use Permits,https://data.sf.gov/City-Infrastructure/Street-Use-Permits/b6tj-gt35,Public Domain Dedication and License (PDDL) v1.0,https://data.sfgov.org/resource/b6tj-gt35.csv?$limit=500000,2026-09-18,500000,31,1900-01-01 00:07:00,2209-09-27 23:00:00,
SF 311 Cases (Tree Maintenance),https://data.sfgov.org/City-Infrastructure/311-Cases/vw6y-z8j6,Public Domain Dedication and License (PDDL) v1.0,https://data.sfgov.org/resource/vw6y-z8j6.csv?$where=service_name=%27Tree%20Maintenance%27&$limit=500000,2026-09-18,175223,26,2008-07-01 01:56:58,2026-09-16 22:12:59,
SF Street-Use Permits,https://data.sf.gov/City-Infrastructure/Street-Use-Permits/b6tj-gt35,Public Domain Dedication and License (PDDL) v1.0,https://data.sfgov.org/resource/b6tj-gt35.csv?$where=permit_start_date>=%272015-01-01%27&$limit=500000,2026-09-18,446122,31,2015-01-01 00:00:00,2209-09-27 23:00:00,
SF Street-Use Permits,https://data.sf.gov/City-Infrastructure/Street-Use-Permits/b6tj-gt35,Public Domain Dedication and License (PDDL) v1.0,https://data.sfgov.org/resource/b6tj-gt35.csv?$where=permit_start_date>=%272015-01-01%27&$limit=500000,2026-09-18,446122,31,2015-01-01 00:00:00,2209-09-27 23:00:00,
SF Street-Use Permits,https://data.sf.gov/City-Infrastructure/Street-Use-Permits/b6tj-gt35,Public Domain Dedication and License (PDDL) v1.0,https://data.sfgov.org/resource/b6tj-gt35.csv?$where=permit_start_date>=%272015-01-01%27&$limit=500000,2026-09-18,446122,31,2015-01-01 00:00:00,2209-09-27 23:00:00,
SF 311 Cases (Tree Maintenance),https://data.sfgov.org/City-Infrastructure/311-Cases/vw6y-z8j6,Public Domain Dedication and License (PDDL) v1.0,https://data.sfgov.org/resource/vw6y-z8j6.csv?$where=service_name=%27Tree%20Maintenance%27&$limit=500000,2026-09-18,175223,26,2008-07-01 01:56:58,2026-09-16 22:12:59,
SF Street-Use Permits,https://data.sf.gov/City-Infrastructure/Street-Use-Permits/b6tj-gt35,Public Domain Dedication and License (PDDL) v1.0,https://data.sfgov.org/resource/b6tj-gt35.csv?$where=permit_start_date>=%272015-01-01%27&$limit=500000,2026-09-18,446240,31,2015-01-01 00:00:00,2209-09-27 23:00:00,
SF 311 Cases (Tree Maintenance),https://data.sfgov.org/City-Infrastructure/311-Cases/vw6y-z8j6,Public Domain Dedication and License (PDDL) v1.0,https://data.sfgov.org/resource/vw6y-z8j6.csv?$where=service_name=%27Tree%20Maintenance%27&$limit=500000,2026-09-19,175277,26,2008-07-01 01:56:58,2026-09-17 22:00:58,
SF Street-Use Permits,https://data.sf.gov/City-Infrastructure/Street-Use-Permits/b6tj-gt35,Public Domain Dedication and License (PDDL) v1.0,https://data.sfgov.org/resource/b6tj-gt35.csv?$where=permit_start_date>=%272015-01-01%27&$limit=500000,2026-09-19,446240,31,2015-01-01 00:00:00,2209-09-27 23:00:00,
NOAA GHCN-Daily Weather (SFO Airport station),https://www.ncei.noaa.gov/access/search/data-search/daily-summaries,U.S. Public Domain (NOAA/NCEI),"https://www.ncei.noaa.gov/access/services/data/v1?dataset=daily-summaries&dataTypes=TMAX,TMIN,PRCP,AWND&stations=USW00023234&startDate=2015-01-01&endDate=2026-09-19&format=csv&units=metric",2026-09-19,4276,6,2015-01-01 00:00:00,2026-09-15 00:00:00,
