nbhd,mean,median,p05,p95,n
Mission,3.482,3.0,0.0,9.0,4271.0
West of Twin Peaks,1.95,1.0,0.0,6.0,4271.0
Bayview Hunters Point,1.696,1.0,0.0,5.0,4272.0
Sunset/Parkside,1.521,1.0,0.0,4.0,4269.0
Castro/Upper Market,1.455,1.0,0.0,4.0,4271.0
Bernal Heights,1.289,1.0,0.0,4.0,4270.0
Hayes Valley,1.217,1.0,0.0,4.0,4272.0
South of Market,1.149,1.0,0.0,4.0,4272.0
Outer Richmond,1.061,1.0,0.0,3.0,4271.0
Noe Valley,1.058,1.0,0.0,4.0,4271.0
Pacific Heights,0.994,1.0,0.0,3.0,4271.0
Haight Ashbury,0.989,1.0,0.0,3.0,4271.0
Inner Sunset,0.948,1.0,0.0,3.0,4271.0
Western Addition,0.918,0.0,0.0,3.0,4268.0
Excelsior,0.892,1.0,0.0,3.0,4260.0
Marina,0.802,0.0,0.0,3.0,4272.0
Outer Mission,0.723,0.0,0.0,3.0,4270.0
Oceanview/Merced/Ingleside,0.701,0.0,0.0,3.0,4271.0
Nob Hill,0.664,0.0,0.0,3.0,4270.0
Russian Hill,0.656,0.0,0.0,3.0,4271.0
Tenderloin,0.634,0.0,0.0,3.0,4271.0
Inner Richmond,0.625,0.0,0.0,2.0,4270.0
Potrero Hill,0.621,0.0,0.0,2.0,4272.0
Financial District/South Beach,0.58,0.0,0.0,2.0,4264.0
Glen Park,0.537,0.0,0.0,2.0,4269.0
Lone Mountain/USF,0.523,0.0,0.0,2.0,4262.0
North Beach,0.49,0.0,0.0,2.0,4271.0
Portola,0.441,0.0,0.0,2.0,4266.0
Presidio Heights,0.407,0.0,0.0,2.0,4256.0
Twin Peaks,0.254,0.0,0.0,1.0,4264.0
Mission Bay,0.234,0.0,0.0,1.0,4265.0
Visitacion Valley,0.222,0.0,0.0,1.0,4264.0
Golden Gate Park,0.173,0.0,0.0,1.0,4242.0
Chinatown,0.169,0.0,0.0,1.0,4268.0
Lakeshore,0.156,0.0,0.0,1.0,4227.0
Japantown,0.153,0.0,0.0,1.0,4263.0
Seacliff,0.112,0.0,0.0,1.0,4270.0
McLaren Park,0.072,0.0,0.0,1.0,4231.0
Presidio,0.025,0.0,0.0,0.0,4044.0
Lincoln Park,0.023,0.0,0.0,0.0,4227.0
Treasure Island,0.022,0.0,0.0,0.0,4042.0
