nbhd,0
Presidio,0.42
Lincoln Park,0.444
Treasure Island,0.529
McLaren Park,0.815
Seacliff,0.898
Japantown,1.048
Chinatown,1.15
Lakeshore,1.167
Twin Peaks,1.508
Golden Gate Park,1.535
Mission Bay,1.571
Visitacion Valley,1.624
Presidio Heights,1.936
Portola,2.082
North Beach,2.288
Inner Richmond,2.305
Lone Mountain/USF,2.355
Potrero Hill,2.451
Glen Park,2.717
Financial District/South Beach,2.81
Outer Mission,2.847
Oceanview/Merced/Ingleside,3.001
Marina,3.104
Russian Hill,3.207
Inner Sunset,3.246
Excelsior,3.446
Outer Richmond,3.454
Haight Ashbury,3.707
Pacific Heights,3.81
Western Addition,3.972
Nob Hill,4.07
Tenderloin,4.088
Noe Valley,4.181
Castro/Upper Market,4.281
Bernal Heights,4.75
Hayes Valley,4.927
Sunset/Parkside,4.953
West of Twin Peaks,6.302
South of Market,6.456
Bayview Hunters Point,6.781
Mission,9.048
