unit,covered
Bayview Hunters Point,0.633
Bernal Heights,0.739
Castro/Upper Market,0.714
Chinatown,0.976
Excelsior,0.807
Financial District/South Beach,0.887
Glen Park,0.9
Golden Gate Park,0.953
Haight Ashbury,0.812
Hayes Valley,0.686
Inner Richmond,0.94
Inner Sunset,0.858
Japantown,0.977
Lakeshore,0.979
Lincoln Park,1.0
Lone Mountain/USF,0.926
Marina,0.83
McLaren Park,0.994
Mission,0.445
Mission Bay,0.94
Nob Hill,0.785
Noe Valley,0.759
North Beach,0.927
Oceanview/Merced/Ingleside,0.887
Outer Mission,0.84
Outer Richmond,0.88
Pacific Heights,0.811
Portola,0.911
Potrero Hill,0.898
Presidio,1.0
Presidio Heights,0.932
Russian Hill,0.843
Seacliff,0.994
South of Market,0.629
Sunset/Parkside,0.702
Tenderloin,0.811
Treasure Island,0.99
Twin Peaks,0.945
Visitacion Valley,0.939
West of Twin Peaks,0.655
Western Addition,0.783
