nbhd,mon,mean_target,sd_target,n
Bayview Hunters Point,1,1.3073476702508962,1.9082463476900773,558
Bayview Hunters Point,2,1.3809055118110236,1.7958424146743615,508
Bayview Hunters Point,3,1.2231182795698925,1.5711559479933261,558
Bayview Hunters Point,4,1.3796296296296295,1.6942420911172664,540
Bayview Hunters Point,5,1.28584229390681,1.6127065879503397,558
Bayview Hunters Point,6,1.4768518518518519,1.6505807423197407,540
Bayview Hunters Point,7,1.234295415959253,1.6777694297846075,589
Bayview Hunters Point,8,1.3786078098471986,1.767319763638065,589
Bayview Hunters Point,9,1.156193895870736,1.5873324593283833,557
Bayview Hunters Point,10,1.060035842293907,1.612596856097923,558
Bayview Hunters Point,11,1.048148148148148,1.415833057758008,540
Bayview Hunters Point,12,0.9605734767025089,1.5127421784762967,558
Bernal Heights,1,0.8736559139784946,1.396547899569082,558
Bernal Heights,2,0.9448818897637795,1.4826123680025785,508
Bernal Heights,3,0.921146953405018,1.3821678010830536,558
Bernal Heights,4,0.9629629629629629,1.3144404618520107,540
Bernal Heights,5,1.0734767025089607,1.3412308819254046,558
Bernal Heights,6,1.1,1.3252227033061543,540
Bernal Heights,7,1.16383701188455,1.406036384140094,589
Bernal Heights,8,1.0441426146010186,1.3240657674365102,589
Bernal Heights,9,0.926391382405745,1.1965042357270006,557
Bernal Heights,10,0.9793906810035843,1.4139396737676024,558
Bernal Heights,11,0.7481481481481481,1.1279450408229816,540
Bernal Heights,12,0.7903225806451613,1.362796089373872,558
Castro/Upper Market,1,1.0528673835125448,1.4858340132318963,558
Castro/Upper Market,2,1.203740157480315,1.5009286367397283,508
Castro/Upper Market,3,1.1935483870967742,1.5609098151321399,558
Castro/Upper Market,4,1.2148148148148148,1.4915230361942489,540
Castro/Upper Market,5,1.1630824372759856,1.4130448287246344,558
Castro/Upper Market,6,1.4,1.5539762869994467,540
Castro/Upper Market,7,1.3056027164685908,1.50678257431227,589
Castro/Upper Market,8,1.3548387096774193,1.4793583767750076,589
Castro/Upper Market,9,1.1436265709156195,1.3019837343348695,557
Castro/Upper Market,10,1.1648745519713262,1.4828956226523755,558
Castro/Upper Market,11,1.037037037037037,1.393903542510826,540
Castro/Upper Market,12,0.9050179211469535,1.273938428639905,558
Chinatown,1,0.15591397849462366,0.5282597082283147,558
Chinatown,2,0.1594488188976378,0.43077986632770615,508
Chinatown,3,0.13978494623655913,0.43849091258462447,558
Chinatown,4,0.12407407407407407,0.4010353877876037,540
Chinatown,5,0.11648745519713262,0.3427324864861422,558
Chinatown,6,0.13148148148148148,0.3696882676537676,540
Chinatown,7,0.1969439728353141,0.46502596509889893,589
Chinatown,8,0.15959252971137522,0.44223901217517886,589
Chinatown,9,0.1310592459605027,0.4099321646042529,557
Chinatown,10,0.1917562724014337,0.6432665723007696,558
Chinatown,11,0.1,0.32972693486731464,540
Chinatown,12,0.10931899641577061,0.37976545066658746,558
Excelsior,1,0.6021505376344086,0.9934050209486716,558
Excelsior,2,0.6417322834645669,1.2152834066839082,508
Excelsior,3,0.6182795698924731,1.0184064966585982,558
Excelsior,4,0.6685185185185185,1.0334523574730636,540
Excelsior,5,0.7347670250896058,1.1071381903607276,558
Excelsior,6,0.7888888888888889,1.1379222459044296,540
Excelsior,7,0.7572156196943973,1.1113834560682807,589
Excelsior,8,0.7928692699490663,1.1009659108992527,589
Excelsior,9,0.7127468581687613,1.0762641030977993,557
Excelsior,10,0.7508960573476703,1.189703395266964,558
Excelsior,11,0.5518518518518518,0.8968592364862925,540
Excelsior,12,0.5412186379928315,1.0085380315527361,558
Financial District/South Beach,1,0.45878136200716846,0.875101400973586,558
Financial District/South Beach,2,0.4360236220472441,0.828094897462973,508
Financial District/South Beach,3,0.4551971326164875,0.8790192922715969,558
Financial District/South Beach,4,0.4648148148148148,0.8355854951060909,540
Financial District/South Beach,5,0.47491039426523296,0.8939741877312937,558
Financial District/South Beach,6,0.4537037037037037,0.7231175966696872,540
Financial District/South Beach,7,0.565365025466893,1.0536085114696863,589
Financial District/South Beach,8,0.5110356536502547,0.8177227673465256,589
Financial District/South Beach,9,0.466786355475763,0.8295742467631386,557
Financial District/South Beach,10,0.43727598566308246,0.8009248015255597,558
Financial District/South Beach,11,0.4148148148148148,0.8139341705060705,540
Financial District/South Beach,12,0.3960573476702509,0.8404830257854866,558
Glen Park,1,0.3960573476702509,0.8862315333123267,558
Glen Park,2,0.46653543307086615,0.9653065678556099,508
Glen Park,3,0.4551971326164875,0.8728705077885195,558
Glen Park,4,0.45740740740740743,0.8127239184760251,540
Glen Park,5,0.4121863799283154,0.7353563024762481,558
Glen Park,6,0.5203703703703704,0.9424791902112798,540
Glen Park,7,0.4465195246179966,0.7643918095313981,589
Glen Park,8,0.5195246179966044,0.9193918676389727,589
Glen Park,9,0.4506283662477558,0.8067746871417162,557
Glen Park,10,0.543010752688172,1.045180219429666,558
Glen Park,11,0.35185185185185186,0.7118766493650576,540
Glen Park,12,0.34408602150537637,0.7649591156404232,558
Golden Gate Park,1,0.14874551971326164,0.5819766384099416,558
Golden Gate Park,2,0.16141732283464566,0.5631059603125901,508
Golden Gate Park,3,0.17204301075268819,0.7405707330931184,558
Golden Gate Park,4,0.1111111111111111,0.3836484682442341,540
Golden Gate Park,5,0.16845878136200718,0.46832309918255755,558
Golden Gate Park,6,0.1259259259259259,0.3741088038261787,540
Golden Gate Park,7,0.16129032258064516,0.4473607778621785,589
Golden Gate Park,8,0.12393887945670629,0.40814926116211153,589
Golden Gate Park,9,0.118491921005386,0.4649196055157127,557
Golden Gate Park,10,0.10215053763440861,0.3817596491530161,558
Golden Gate Park,11,0.10185185185185185,0.35882240957145417,540
Golden Gate Park,12,0.12186379928315412,0.4231056878225177,558
Haight Ashbury,1,0.7347670250896058,1.1655940762770616,558
Haight Ashbury,2,0.8681102362204725,1.3689738925180421,508
Haight Ashbury,3,0.6980286738351255,1.1035830590837385,558
Haight Ashbury,4,0.687037037037037,1.0656635022015224,540
Haight Ashbury,5,0.7401433691756273,1.0663119451303107,558
Haight Ashbury,6,0.9712962962962963,1.5300363732641467,540
Haight Ashbury,7,0.8641765704584041,1.1974562932366377,589
Haight Ashbury,8,0.8471986417657046,1.125045636080358,589
Haight Ashbury,9,0.7342908438061041,1.093370346140269,557
Haight Ashbury,10,0.7311827956989247,1.2410539055045726,558
Haight Ashbury,11,0.6388888888888888,1.030682657697397,540
Haight Ashbury,12,0.5716845878136201,0.9686584186050261,558
Hayes Valley,1,0.9596774193548387,1.6699599227259145,558
Hayes Valley,2,1.0324803149606299,1.615210048445071,508
Hayes Valley,3,0.9292114695340502,1.4899145403700491,558
Hayes Valley,4,1.0,1.3579969971085524,540
Hayes Valley,5,0.985663082437276,1.2117655595788752,558
Hayes Valley,6,1.1685185185185185,1.415305165055073,540
Hayes Valley,7,0.9864176570458404,1.2453255053926973,589
Hayes Valley,8,1.0526315789473684,1.4281954392430127,589
Hayes Valley,9,1.0385996409335727,1.493041478195225,557
Hayes Valley,10,0.9516129032258065,1.3883935076603025,558
Hayes Valley,11,0.6675925925925926,1.0152664641688867,540
Hayes Valley,12,0.6541218637992832,1.0737988736393769,558
Inner Richmond,1,0.5806451612903226,1.02383705340473,558
Inner Richmond,2,0.5590551181102362,1.088969571080404,508
Inner Richmond,3,0.46953405017921146,0.8420950180857399,558
Inner Richmond,4,0.5138888888888888,0.8969602690089352,540
Inner Richmond,5,0.5887096774193549,1.0043521728931677,558
Inner Richmond,6,0.600925925925926,0.9280713309034854,540
Inner Richmond,7,0.5942275042444821,0.9547770811474304,589
Inner Richmond,8,0.5246179966044142,0.9412080085665749,589
Inner Richmond,9,0.518850987432675,0.958727484547002,557
Inner Richmond,10,0.5519713261648745,0.8988251173815407,558
Inner Richmond,11,0.412962962962963,0.7811666020902714,540
Inner Richmond,12,0.4551971326164875,0.8562579104357891,558
Inner Sunset,1,0.7652329749103942,1.2556840387733978,558
Inner Sunset,2,0.7135826771653543,1.1414516169947624,508
Inner Sunset,3,0.7526881720430108,1.1771850974150944,558
Inner Sunset,4,0.7388888888888889,1.048174783727316,540
Inner Sunset,5,0.7706093189964157,1.0807919770810175,558
Inner Sunset,6,0.825925925925926,1.1538730754637692,540
Inner Sunset,7,0.7555178268251274,1.0775969794440001,589
Inner Sunset,8,0.7792869269949066,1.1497613627802998,589
Inner Sunset,9,0.6606822262118492,0.9953750429744213,557
Inner Sunset,10,0.717741935483871,1.1957058944347947,558
Inner Sunset,11,0.587037037037037,0.969774431301065,540
Inner Sunset,12,0.510752688172043,1.0494381534084731,558
Japantown,1,0.12544802867383512,0.38652955273786416,558
Japantown,2,0.16338582677165353,0.5013570860845241,508
Japantown,3,0.13620071684587814,0.4556620561020185,558
Japantown,4,0.1111111111111111,0.3836484682442342,540
Japantown,5,0.15232974910394265,0.42803876426026227,558
Japantown,6,0.1388888888888889,0.4446827334819955,540
Japantown,7,0.1273344651952462,0.3986582835693115,589
Japantown,8,0.15619694397283532,0.5884805193813346,589
Japantown,9,0.12208258527827648,0.4360103296435697,557
Japantown,10,0.1003584229390681,0.3554649730499082,558
Japantown,11,0.1,0.3619161538421211,540
Japantown,12,0.10752688172043011,0.37790974551766277,558
Lakeshore,1,0.13620071684587814,0.451704820760448,558
Lakeshore,2,0.17716535433070865,0.5180282715820216,508
Lakeshore,3,0.15591397849462366,0.5383589064519467,558
Lakeshore,4,0.1259259259259259,0.41635630576775606,540
Lakeshore,5,0.14336917562724014,0.40758179439219994,558
Lakeshore,6,0.12777777777777777,0.39047883010405465,540
Lakeshore,7,0.13752122241086587,0.4322476869795644,589
Lakeshore,8,0.11884550084889643,0.36811898896280154,589
Lakeshore,9,0.1310592459605027,0.5079098710707296,557
Lakeshore,10,0.14516129032258066,0.4890946009683169,558
Lakeshore,11,0.11481481481481481,0.36771742771410515,540
Lakeshore,12,0.1111111111111111,0.5510087226240071,558
Lincoln Park,1,0.023297491039426525,0.15098201954897467,558
Lincoln Park,2,0.027559055118110236,0.16386705794388431,508
Lincoln Park,3,0.03763440860215054,0.2250460851241839,558
Lincoln Park,4,0.011111111111111112,0.10491920500779706,540
Lincoln Park,5,0.01971326164874552,0.1391378565568122,558
Lincoln Park,6,0.014814814814814815,0.12092317653127796,540
Lincoln Park,7,0.0050933786078098476,0.07124643282843347,589
Lincoln Park,8,0.013582342954159592,0.11584752217972334,589
Lincoln Park,9,0.02333931777378815,0.1511144979507282,557
Lincoln Park,10,0.010752688172043012,0.1032287021079931,558
Lincoln Park,11,0.005555555555555556,0.07439718576147193,540
Lincoln Park,12,0.023297491039426525,0.21892971506243816,558
Lone Mountain/USF,1,0.3942652329749104,0.7305363720757024,558
Lone Mountain/USF,2,0.4251968503937008,0.8045206105812462,508
Lone Mountain/USF,3,0.41935483870967744,0.8192817362000566,558
Lone Mountain/USF,4,0.3648148148148148,0.6852967904931866,540
Lone Mountain/USF,5,0.34946236559139787,0.6657224834512432,558
Lone Mountain/USF,6,0.4740740740740741,0.8707119014243877,540
Lone Mountain/USF,7,0.47538200339558573,0.7877603651751447,589
Lone Mountain/USF,8,0.48047538200339557,0.9025902511010848,589
Lone Mountain/USF,9,0.4129263913824057,0.7134712614919428,557
Lone Mountain/USF,10,0.44086021505376344,0.9220502358964235,558
Lone Mountain/USF,11,0.3351851851851852,0.686919235531915,540
Lone Mountain/USF,12,0.31362007168458783,0.6886049794282291,558
Marina,1,0.532258064516129,0.852622267132761,558
Marina,2,0.5492125984251969,1.0432176792550991,508
Marina,3,0.5806451612903226,0.9753432096223554,558
Marina,4,0.5092592592592593,0.8689166518563739,540
Marina,5,0.5483870967741935,0.9884372341557776,558
Marina,6,0.6666666666666666,1.0725102764707835,540
Marina,7,0.6247877758913413,1.0801849319432557,589
Marina,8,0.7147707979626485,1.1142868544390725,589
Marina,9,0.6229802513464991,1.0325858551086395,557
Marina,10,0.7132616487455197,1.2484258409811906,558
Marina,11,0.587037037037037,0.9811859652686561,540
Marina,12,0.557347670250896,1.1191694106578292,558
McLaren Park,1,0.053763440860215055,0.2484678247133061,558
McLaren Park,2,0.06692913385826772,0.3194065300792025,508
McLaren Park,3,0.06093189964157706,0.26773977630083307,558
McLaren Park,4,0.08518518518518518,0.31084743073983073,540
McLaren Park,5,0.053763440860215055,0.2758603215566242,558
McLaren Park,6,0.06666666666666667,0.27781281988822737,540
McLaren Park,7,0.04074702886247878,0.2221649480184984,589
McLaren Park,8,0.057724957555178265,0.24756415867078585,589
McLaren Park,9,0.05026929982046679,0.2345685600449455,557
McLaren Park,10,0.03763440860215054,0.36989415104742207,558
McLaren Park,11,0.03333333333333333,0.21708133099638344,540
McLaren Park,12,0.03763440860215054,0.20848120271127674,558
Mission,1,2.6657706093189963,2.5710430784060634,558
Mission,2,2.5265748031496065,2.546263636326744,508
Mission,3,2.5707885304659497,2.420348303883633,558
Mission,4,2.550925925925926,2.3048507117399675,540
Mission,5,2.9381720430107525,2.572858240382803,558
Mission,6,3.126851851851852,2.550077538254422,540
Mission,7,2.9159592529711373,2.4678511070913958,589
Mission,8,2.943123938879457,2.5416077227309657,589
Mission,9,2.8087971274685817,2.593186594898823,557
Mission,10,2.8333333333333335,2.489555281110656,558
Mission,11,2.2,2.167135195048479,540
Mission,12,2.1908602150537635,2.2961389844173667,558
Mission Bay,1,0.16129032258064516,0.4968190936259174,558
Mission Bay,2,0.16929133858267717,0.5206598470168796,508
Mission Bay,3,0.17921146953405018,0.6700556704632229,558
Mission Bay,4,0.1388888888888889,0.45702785349960773,540
Mission Bay,5,0.17562724014336917,0.4919249743301802,558
Mission Bay,6,0.22777777777777777,0.5292612790919745,540
Mission Bay,7,0.19524617996604415,0.5752058036070564,589
Mission Bay,8,0.1969439728353141,0.5267576653567378,589
Mission Bay,9,0.1813285457809695,0.4994346027650351,557
Mission Bay,10,0.1774193548387097,0.60730958016462,558
Mission Bay,11,0.1259259259259259,0.466775615282474,540
Mission Bay,12,0.1111111111111111,0.3366086837034127,558
Nob Hill,1,0.5716845878136201,1.1929119031909292,558
Nob Hill,2,0.48031496062992124,1.003743633242449,508
Nob Hill,3,0.5098566308243727,1.0188490959440668,558
Nob Hill,4,0.45185185185185184,0.830481618262046,540
Nob Hill,5,0.3942652329749104,0.8053475322232165,558
Nob Hill,6,0.5537037037037037,0.9272644074091555,540
Nob Hill,7,0.6468590831918506,1.2292818331638908,589
Nob Hill,8,0.5229202037351444,1.0505429251102867,589
Nob Hill,9,0.5601436265709157,1.1085306793698093,557
Nob Hill,10,0.3924731182795699,0.7103345699393638,558
Nob Hill,11,0.487962962962963,0.9570282537120198,540
Nob Hill,12,0.3924731182795699,0.749683819764832,558
Noe Valley,1,0.8378136200716846,1.3029259522372876,558
Noe Valley,2,0.8051181102362205,1.2496206074449383,508
Noe Valley,3,0.7437275985663082,1.1544567038828284,558
Noe Valley,4,0.7814814814814814,1.1100943606073976,540
Noe Valley,5,0.9605734767025089,1.2705281111829139,558
Noe Valley,6,0.9833333333333333,1.337936549879247,540
Noe Valley,7,0.9439728353140917,1.2324627628637952,589
Noe Valley,8,0.8234295415959253,1.1245835754809232,589
Noe Valley,9,0.8653500897666068,1.238545544606915,557
Noe Valley,10,0.8700716845878136,1.3663237425143342,558
Noe Valley,11,0.737037037037037,1.1910763278072563,540
Noe Valley,12,0.5931899641577061,0.9423738331507193,558
North Beach,1,0.34767025089605735,0.7345683173087667,558
North Beach,2,0.3248031496062992,0.6755923404562526,508
North Beach,3,0.3996415770609319,0.8202648970085544,558
North Beach,4,0.4,0.8076627448768247,540
North Beach,5,0.4283154121863799,0.7727781221086641,558
North Beach,6,0.4425925925925926,0.8003018567463365,540
North Beach,7,0.4634974533106961,0.7720293023039684,589
North Beach,8,0.4295415959252971,0.747246619662323,589
North Beach,9,0.40574506283662476,0.7100278844951461,557
North Beach,10,0.43548387096774194,0.9236348258272093,558
North Beach,11,0.35185185185185186,0.6633083833380842,540
North Beach,12,0.35663082437275984,0.8888199123189616,558
Oceanview/Merced/Ingleside,1,0.553763440860215,1.1015633551672754,558
Oceanview/Merced/Ingleside,2,0.6417322834645669,1.1519602327730905,508
Oceanview/Merced/Ingleside,3,0.553763440860215,0.9826932332207959,558
Oceanview/Merced/Ingleside,4,0.5222222222222223,0.8729424080331604,540
Oceanview/Merced/Ingleside,5,0.5698924731182796,0.871217594024099,558
Oceanview/Merced/Ingleside,6,0.6222222222222222,0.9085589043216404,540
Oceanview/Merced/Ingleside,7,0.5959252971137521,1.0283649104125494,589
Oceanview/Merced/Ingleside,8,0.6536502546689303,1.0394797331191272,589
Oceanview/Merced/Ingleside,9,0.5350089766606823,0.8717873447003609,557
Oceanview/Merced/Ingleside,10,0.6702508960573477,1.293073777211333,558
Oceanview/Merced/Ingleside,11,0.46111111111111114,0.7779228006269723,540
Oceanview/Merced/Ingleside,12,0.44623655913978494,0.8805570873911276,558
Outer Mission,1,0.48028673835125446,0.8758511163186739,558
Outer Mission,2,0.5078740157480315,0.889305852496226,508
Outer Mission,3,0.4910394265232975,0.8862151960258722,558
Outer Mission,4,0.5777777777777777,0.9275552214990317,540
Outer Mission,5,0.6254480286738351,0.9367028752322052,558
Outer Mission,6,0.762962962962963,1.1393283664688398,540
Outer Mission,7,0.6689303904923599,1.0122056355047804,589
Outer Mission,8,0.66553480475382,0.9157636459994399,589
Outer Mission,9,0.6140035906642729,0.8956437056492377,557
Outer Mission,10,0.7150537634408602,1.2219517810018248,558
Outer Mission,11,0.5351851851851852,0.8830831063342311,540
Outer Mission,12,0.5089605734767025,0.8657197762199206,558
Outer Richmond,1,0.8324372759856631,1.4515409290714414,558
Outer Richmond,2,0.8858267716535433,1.4712081959163938,508
Outer Richmond,3,0.8118279569892473,1.2391300703355648,558
Outer Richmond,4,0.8055555555555556,1.095261622182843,540
Outer Richmond,5,0.9193548387096774,1.2791456471451155,558
Outer Richmond,6,0.8537037037037037,1.1044206941854495,540
Outer Richmond,7,0.8421052631578947,1.2510647094647707,589
Outer Richmond,8,0.8471986417657046,1.126556276360695,589
Outer Richmond,9,0.822262118491921,1.1021593828802816,557
Outer Richmond,10,0.9354838709677419,1.382479694088429,558
Outer Richmond,11,0.7296296296296296,1.046706936005071,540
Outer Richmond,12,0.6693548387096774,1.0171297382261937,558
Pacific Heights,1,0.760752688172043,1.2348256579426131,558
Pacific Heights,2,0.8228346456692913,1.3645664707435066,508
Pacific Heights,3,0.8629032258064516,1.2638902191763377,558
Pacific Heights,4,0.7462962962962963,1.1923088347046005,540
Pacific Heights,5,0.899641577060932,1.3048589819839895,558
Pacific Heights,6,0.9888888888888889,1.3903546172316583,540
Pacific Heights,7,0.7623089983022071,1.0422399182600963,589
Pacific Heights,8,0.9083191850594228,1.217118010584483,589
Pacific Heights,9,0.7396768402154399,1.0153968833080607,557
Pacific Heights,10,0.8154121863799283,1.2675173603080405,558
Pacific Heights,11,0.6814814814814815,1.0131004734130329,540
Pacific Heights,12,0.6451612903225806,1.114408599617315,558
Portola,1,0.34408602150537637,0.7264377607442573,558
Portola,2,0.33267716535433073,0.6833863341957599,508
Portola,3,0.25627240143369173,0.5845912604737005,558
Portola,4,0.3648148148148148,0.8117087058524979,540
Portola,5,0.4103942652329749,0.7568000682995372,558
Portola,6,0.4148148148148148,0.7424093074194371,540
Portola,7,0.44821731748726656,0.9291853539959328,589
Portola,8,0.40237691001697795,0.805631404389163,589
Portola,9,0.3500897666068223,0.7256013327480433,557
Portola,10,0.31899641577060933,0.7155852057593646,558
Portola,11,0.32037037037037036,0.6749918242147975,540
Portola,12,0.2992831541218638,0.7077662452535968,558
Potrero Hill,1,0.44623655913978494,0.9586487130697906,558
Potrero Hill,2,0.4448818897637795,1.0083054436425811,508
Potrero Hill,3,0.4507168458781362,0.8977277452540998,558
Potrero Hill,4,0.42592592592592593,0.7848720834968962,540
Potrero Hill,5,0.4982078853046595,0.8574294679057992,558
Potrero Hill,6,0.48703703703703705,0.9023873297394644,540
Potrero Hill,7,0.499151103565365,0.8933328023958179,589
Potrero Hill,8,0.5500848896434635,0.8687434194489849,589
Potrero Hill,9,0.4254937163375224,0.7420538157829242,557
Potrero Hill,10,0.510752688172043,1.0216994712062533,558
Potrero Hill,11,0.43148148148148147,0.8705283990393302,540
Potrero Hill,12,0.35663082437275984,0.7674136024679391,558
Presidio,1,0.021505376344086023,0.1451918527957415,558
Presidio,2,0.00984251968503937,0.11708817124421743,508
Presidio,3,0.012544802867383513,0.11139869990706538,558
Presidio,4,0.014814814814814815,0.13539937134847108,540
Presidio,5,0.021505376344086023,0.14519185279574146,558
Presidio,6,0.016666666666666666,0.12813779688571023,540
Presidio,7,0.025466893039049237,0.16811275676491377,589
Presidio,8,0.01867572156196944,0.14751090737267106,589
Presidio,9,0.019748653500897665,0.13926041035114503,557
Presidio,10,0.012544802867383513,0.12649242907729646,558
Presidio,11,0.024074074074074074,0.15342132221282243,540
Presidio,12,0.008960573476702509,0.09431979990758935,558
Presidio Heights,1,0.2867383512544803,0.7557343484219239,558
Presidio Heights,2,0.35236220472440943,0.8164086039407128,508
Presidio Heights,3,0.30824372759856633,0.6383637055488217,558
Presidio Heights,4,0.2796296296296296,0.6928952003551386,540
Presidio Heights,5,0.32616487455197135,0.691884208034641,558
Presidio Heights,6,0.35,0.6983282449266517,540
Presidio Heights,7,0.3140916808149406,0.6320426865067957,589
Presidio Heights,8,0.33446519524617996,0.710837338637226,589
Presidio Heights,9,0.3087971274685817,0.6770743427447568,557
Presidio Heights,10,0.4336917562724014,0.887825693122352,558
Presidio Heights,11,0.29444444444444445,0.6758260709453652,540
Presidio Heights,12,0.2616487455197133,0.7311967062678493,558
Russian Hill,1,0.510752688172043,1.0613458850627435,558
Russian Hill,2,0.4881889763779528,1.0136437425453368,508
Russian Hill,3,0.53584229390681,1.0246365157687836,558
Russian Hill,4,0.48703703703703705,0.9716856604604452,540
Russian Hill,5,0.5304659498207885,0.9689822149811702,558
Russian Hill,6,0.5462962962962963,0.9454927670416107,540
Russian Hill,7,0.6129032258064516,1.0082499280880595,589
Russian Hill,8,0.5925297113752123,0.9037028238080204,589
Russian Hill,9,0.5385996409335727,0.8960546092764804,557
Russian Hill,10,0.4982078853046595,0.8943250244431556,558
Russian Hill,11,0.45925925925925926,0.9954476190862752,540
Russian Hill,12,0.35125448028673834,0.7328581095492739,558
Seacliff,1,0.11469534050179211,0.4165764076676542,558
Seacliff,2,0.1515748031496063,0.5128116797139533,508
Seacliff,3,0.0967741935483871,0.3614607148519814,558
Seacliff,4,0.08518518518518518,0.2986720189761013,540
Seacliff,5,0.07347670250896057,0.26793798418678255,558
Seacliff,6,0.09259259259259259,0.3026486980863741,540
Seacliff,7,0.0967741935483871,0.31806138694205977,589
Seacliff,8,0.09507640067911714,0.32648332759978466,589
Seacliff,9,0.10412926391382406,0.35472276816352505,557
Seacliff,10,0.1111111111111111,0.3954660253665667,558
Seacliff,11,0.07777777777777778,0.30679785314821106,540
Seacliff,12,0.05555555555555555,0.24442721590266456,558
South of Market,1,0.7419354838709677,1.1763976825461082,558
South of Market,2,0.7677165354330708,1.36928158302507,508
South of Market,3,0.8431899641577061,1.5409020195543859,558
South of Market,4,0.9018518518518519,1.5692417772213747,540
South of Market,5,1.0483870967741935,1.524011024281397,558
South of Market,6,0.9638888888888889,1.4476299056895137,540
South of Market,7,1.0101867572156198,1.526377419345201,589
South of Market,8,0.933786078098472,1.3605331444521265,589
South of Market,9,0.9766606822262118,1.5093810900313205,557
South of Market,10,0.8888888888888888,1.4672432357814222,558
South of Market,11,0.7666666666666667,1.2621211935609122,540
South of Market,12,0.6783154121863799,1.2107445492473778,558
Sunset/Parkside,1,1.025089605734767,1.4294596947400722,558
Sunset/Parkside,2,1.187992125984252,1.4954581518296939,508
Sunset/Parkside,3,1.1084229390681004,1.5234200469577837,558
Sunset/Parkside,4,1.0685185185185184,1.2925251168793725,540
Sunset/Parkside,5,1.1953405017921146,1.3596571838660387,558
Sunset/Parkside,6,1.362962962962963,1.534307274062685,540
Sunset/Parkside,7,1.2359932088285228,1.4569776656905724,589
Sunset/Parkside,8,1.3760611205432938,1.6523805038765313,589
Sunset/Parkside,9,1.1938958707360863,1.3511647293458489,557
Sunset/Parkside,10,1.2965949820788532,1.6640072603256353,558
Sunset/Parkside,11,1.0851851851851853,1.4116408967231897,540
Sunset/Parkside,12,0.9480286738351255,1.3670873725827029,558
Tenderloin,1,0.4838709677419355,0.9748680698013819,558
Tenderloin,2,0.515748031496063,1.2755275164661828,508
Tenderloin,3,0.5555555555555556,1.1786382442936554,558
Tenderloin,4,0.6027777777777777,1.3729738543395726,540
Tenderloin,5,0.7240143369175627,1.6352810155426138,558
Tenderloin,6,0.5462962962962963,1.0980186174270052,540
Tenderloin,7,0.4567062818336163,1.095868873886373,589
Tenderloin,8,0.4601018675721562,0.9779128770230643,589
Tenderloin,9,0.4542190305206463,0.848276485059449,557
Tenderloin,10,0.43189964157706096,0.7754215699185983,558
Tenderloin,11,0.29814814814814816,0.6686709718160645,540
Tenderloin,12,0.3118279569892473,0.7717428054609499,558
Treasure Island,1,0.016129032258064516,0.1633075911193189,558
Treasure Island,2,0.015748031496062992,0.12462184019391045,508
Treasure Island,3,0.010752688172043012,0.11936008215392309,558
Treasure Island,4,0.012962962962962963,0.12856608401055616,540
Treasure Island,5,0.010752688172043012,0.10322870210799316,558
Treasure Island,6,0.012962962962962963,0.11321953373275662,540
Treasure Island,7,0.02037351443123939,0.20928903713770852,589
Treasure Island,8,0.04923599320882852,0.5912803992515059,589
Treasure Island,9,0.008976660682226212,0.09440381554549754,557
Treasure Island,10,0.007168458781362007,0.08443843608277643,558
Treasure Island,11,0.005555555555555556,0.07439718576147195,540
Treasure Island,12,0.007168458781362007,0.08443843608277642,558
Twin Peaks,1,0.17921146953405018,0.5933183514369634,558
Twin Peaks,2,0.26968503937007876,0.7022830472917674,508
Twin Peaks,3,0.24193548387096775,0.5937113735747896,558
Twin Peaks,4,0.2111111111111111,0.548117597266226,540
Twin Peaks,5,0.2616487455197133,0.5928952229015989,558
Twin Peaks,6,0.22777777777777777,0.5222033619843709,540
Twin Peaks,7,0.22750424448217318,0.504258112085867,589
Twin Peaks,8,0.20543293718166383,0.5504213206933768,589
Twin Peaks,9,0.19210053859964094,0.4768852070102166,557
Twin Peaks,10,0.20430107526881722,0.6091900580157208,558
Twin Peaks,11,0.16296296296296298,0.4342892584853228,540
Twin Peaks,12,0.15053763440860216,0.4511203661519296,558
Visitacion Valley,1,0.14874551971326164,0.53370108071989,558
Visitacion Valley,2,0.13188976377952755,0.45326643946089984,508
Visitacion Valley,3,0.15232974910394265,0.4404420240260046,558
Visitacion Valley,4,0.18703703703703703,0.5277270532970212,540
Visitacion Valley,5,0.2078853046594982,0.4975438861032664,558
Visitacion Valley,6,0.22962962962962963,0.6352740719014821,540
Visitacion Valley,7,0.2037351443123939,0.5883676581532467,589
Visitacion Valley,8,0.20543293718166383,0.5442066787401695,589
Visitacion Valley,9,0.18850987432675045,0.5180318022995204,557
Visitacion Valley,10,0.21505376344086022,0.6539392419126407,558
Visitacion Valley,11,0.1259259259259259,0.4118761928218559,540
Visitacion Valley,12,0.10931899641577061,0.4286246662545118,558
West of Twin Peaks,1,1.439068100358423,1.825870499168718,558
West of Twin Peaks,2,1.499015748031496,1.90627248025624,508
West of Twin Peaks,3,1.3844086021505377,1.8291884592951781,558
West of Twin Peaks,4,1.548148148148148,1.869463699424504,540
West of Twin Peaks,5,1.582437275985663,1.8843148683244568,558
West of Twin Peaks,6,1.587037037037037,1.653079018018526,540
West of Twin Peaks,7,1.5059422750424447,1.5215175482798051,589
West of Twin Peaks,8,1.461799660441426,1.6227498771768352,589
West of Twin Peaks,9,1.4542190305206464,1.6348732076759824,557
West of Twin Peaks,10,1.6326164874551972,1.7748929114929928,558
West of Twin Peaks,11,1.3333333333333333,1.6781914463529612,540
West of Twin Peaks,12,1.2795698924731183,1.7541369909666538,558
Western Addition,1,0.7302867383512545,1.387723911848108,558
Western Addition,2,0.7874015748031497,1.2632253965631666,508
Western Addition,3,0.8064516129032258,1.323110945784127,558
Western Addition,4,0.8203703703703704,1.323104185738588,540
Western Addition,5,0.7867383512544803,1.1554428715614455,558
Western Addition,6,0.8722222222222222,1.1907056056004819,540
Western Addition,7,0.8607809847198642,1.1403126739924176,589
Western Addition,8,0.8488964346349746,1.273454634151672,589
Western Addition,9,0.7980251346499102,1.1248723569858927,557
Western Addition,10,0.7240143369175627,1.1238384850805403,558
Western Addition,11,0.6537037037037037,1.077896144150438,540
Western Addition,12,0.6326164874551972,1.2145781012206092,558
