nbhd,mean,std,min,max,count
Treasure Island,0.015030813166992334,0.2125415734096168,0.0,9.0,6653
Presidio,0.017285435142041186,0.1359871676493169,0.0,2.0,6653
Lincoln Park,0.01788666766872088,0.14448754830665442,0.0,4.0,6653
McLaren Park,0.05350969487449271,0.2700054977683182,0.0,8.0,6653
Seacliff,0.0958965880054111,0.3482664691031648,0.0,5.0,6653
Japantown,0.12836314444611455,0.4318181427347881,0.0,9.0,6653
Golden Gate Park,0.13482639410792124,0.47834349181769065,0.0,12.0,6653
Lakeshore,0.1351270103712611,0.45704231263376194,0.0,9.0,6653
Chinatown,0.14339395761310686,0.44091725109668484,0.0,9.0,6653
Mission Bay,0.17029911318202315,0.5219262026656438,0.0,8.0,6653
Visitacion Valley,0.17601082218548023,0.5266344610499438,0.0,10.0,6653
Twin Peaks,0.21088230873290245,0.552577206895324,0.0,8.0,6653
Presidio Heights,0.3207575529836164,0.7205329112382958,0.0,11.0,6653
Portola,0.35592965579437846,0.7461223244297562,0.0,12.0,6653
North Beach,0.39981963024199607,0.7811836187019408,0.0,12.0,6653
Lone Mountain/USF,0.40778596122050204,0.7799614418373343,0.0,8.0,6653
Glen Park,0.4471666917180219,0.8586757109463872,0.0,11.0,6653
Potrero Hill,0.4613708101608297,0.8850050618174297,0.0,11.0,6653
Financial District/South Beach,0.46227265895084924,0.8544505569480839,0.0,10.0,6653
Tenderloin,0.48632196001803696,1.0927214572603539,0.0,13.0,6653
Nob Hill,0.497970840222456,0.9829210983082771,0.0,12.0,6653
Russian Hill,0.513753194047798,0.9558812148928666,0.0,13.0,6653
Inner Richmond,0.5311137832556742,0.9351378396493372,0.0,11.0,6653
Oceanview/Merced/Ingleside,0.5690665865023298,0.9934779726728414,0.0,12.0,6653
Outer Mission,0.5971742071246054,0.9640584683882648,0.0,11.0,6653
Marina,0.6016834510747031,1.0389629196890862,0.0,11.0,6653
Excelsior,0.6813467608597625,1.079551861116108,0.0,12.0,6653
Inner Sunset,0.7153163986171652,1.113443841419071,0.0,13.0,6653
Haight Ashbury,0.7572523673530738,1.1742812181752762,0.0,13.0,6653
Western Addition,0.7773936569968435,1.2210459031980858,0.0,13.0,6653
Pacific Heights,0.8029460393807305,1.2089968376116356,0.0,13.0,6653
Noe Valley,0.829400270554637,1.2180905689879087,0.0,13.0,6653
Outer Richmond,0.8295505786863069,1.222908417569751,0.0,13.0,6653
South of Market,0.878475875544867,1.4234314903301686,0.0,13.0,6653
Hayes Valley,0.9522771681947994,1.3850578137607428,0.0,13.0,6653
Bernal Heights,0.9623478130166842,1.346496603250975,0.0,13.0,6653
Sunset/Parkside,1.1748083571321208,1.4712047924141378,0.0,13.0,6653
Castro/Upper Market,1.1791672929505486,1.461056534722488,0.0,13.0,6653
Bayview Hunters Point,1.2400420862768675,1.6609109630155523,0.0,13.0,6653
West of Twin Peaks,1.4754246204719674,1.748990165400446,0.0,13.0,6653
Mission,2.6932211032616866,2.4781526122449793,0.0,13.0,6653
