feature,mean_abs_shap,share
y_ma_season,0.3385602791845533,0.349
dow,0.13698156961299043,0.141
unit_code,0.10028181811328188,0.103
permits_active,0.07578501285853008,0.078
n,0.04602882517517558,0.047
y_lag7,0.04481687672893091,0.046
permits_active_lag_season,0.03978631818211685,0.041
y_lag28,0.03864897395691451,0.04
y_sd_season,0.03797839642948919,0.039
doy,0.03431594007726865,0.035
y_lag14,0.03313002992794803,0.034
y_lag1,0.0178183268721601,0.018
y_diff1,0.00853539061601452,0.009
y_lag3,0.00849933139059914,0.009
y_lag2,0.006420042893683544,0.007
mon,0.0030901374612244065,0.003
hr,0.0,0.0
