month,MAE_retrained_monthly,MAE_fixed_model,MAE_seasonal_naive
2025-02-01,0.7763,0.7716,1.0122
2025-03-01,0.7437,0.745,0.9618
2025-04-01,0.7461,0.7486,0.9711
2025-05-01,0.803,0.8106,1.037
2025-06-01,0.8689,0.8666,1.1841
2025-07-01,0.9297,0.9369,1.1873
2025-08-01,1.0102,1.0186,1.3639
2025-09-01,0.9287,0.9367,1.2484
2025-10-01,0.8577,0.8551,1.1869
2025-11-01,0.8005,0.797,1.0832
2025-12-01,0.8905,0.8959,1.0688
2026-01-01,0.8629,0.8617,1.2561
2026-02-01,0.7713,0.7655,0.9643
2026-03-01,0.8236,0.8196,1.0637
2026-04-01,0.9239,0.9385,1.2463
2026-05-01,0.9169,0.9264,1.2872
2026-06-01,0.9431,0.9506,1.2333
2026-07-01,0.8967,0.8979,1.2518
2026-08-01,0.8673,0.8634,1.1629
2026-09-01,0.797,0.7823,1.0256
