model,h,seed,MAE,RMSE,sMAPE,MASE
Persistence,1,0,1.0966927144999605,1.840520073819276,86.68082023058261,1.6122019240453407
SeasonalNaive,1,0,1.131692846054674,1.8972164211898,88.4127819736648,1.6636541482539033
Ridge,1,0,0.8893385080666424,1.3905663913898512,133.6912564634646,1.3073792092130336
RandomForest,1,0,0.8629829396538725,1.381537189446342,132.41615464092342,1.2686349944092088
LightGBM_global,1,0,0.8532187506083142,1.384142280449796,135.4584252290423,1.2542810699617677
LTSF_Linear,1,0,0.9147068649927779,1.4342232620360358,135.99558358102274,1.3446721658502376
RandomForest,1,1,0.8634027426821225,1.3823730072622238,132.18376290099087,1.2692521292190933
LightGBM_global,1,1,0.8532678270104459,1.3835926596414623,135.49789967118852,1.254353215120476
RandomForest,1,2,0.8630285418128445,1.3820677738228246,132.25011751909332,1.2687020322288853
LightGBM_global,1,2,0.8527226262229602,1.3854696338614034,135.5259732243261,1.2535517383285233
RandomForest,1,3,0.863421563587076,1.3822323895688804,132.2999854224553,1.269279797041426
LightGBM_global,1,3,0.8536956375485473,1.3861090275005248,135.48702055687968,1.2549821214344643
RandomForest,1,4,0.862863486582865,1.3820059368555146,132.43927316180563,1.2684593914637663
LightGBM_global,1,4,0.8525957978172726,1.3830216411826284,135.5183939032793,1.2533652932131598
Persistence,7,0,1.108572105138527,1.8593060217421336,86.86877998613474,1.6407497197445393
SeasonalNaive,7,0,1.1135119846344095,1.8628624682308412,87.61753114184965,1.6480610221495624
Ridge,7,0,0.9035006304822513,1.4117898226980425,133.79921762707707,1.337232282303843
RandomForest,7,0,0.8745384546407369,1.4079341108533654,132.69137474703314,1.2943666160337912
LightGBM_global,7,0,0.8678413856372262,1.4157626756175634,135.9058999515743,1.2844545732900792
LTSF_Linear,7,0,0.9079097430349253,1.4289257282673213,135.50092917703742,1.3437580194675236
RandomForest,7,1,0.8746356324649872,1.409503384343222,132.70416719272492,1.2945104447366471
LightGBM_global,7,1,0.8681123495845262,1.4163086805062528,135.92896682829513,1.2848556153319388
RandomForest,7,2,0.8740541524119105,1.408205027863808,132.78344453434906,1.293649821210491
LightGBM_global,7,2,0.8669674426678351,1.4128683346092459,135.92388117489546,1.2831610880260584
RandomForest,7,3,0.8735171233545308,1.4066551140792949,132.72434899855884,1.2928549876842763
LightGBM_global,7,3,0.8680777344074277,1.4156097177981635,135.91788900190153,1.284804382902528
RandomForest,7,4,0.8741067729988675,1.408545066257475,132.5953994849066,1.2937277026698044
LightGBM_global,7,4,0.8672378053252404,1.4152025044443794,136.01142219621676,1.2835612401247005
Chronos_zero_shot,1,0,0.6787924427811692,1.2526127318569822,72.50969659692797,0.9978642766658747
