nbhd,n
Mission,19072
West of Twin Peaks,10439
Bayview Hunters Point,9019
Sunset/Parkside,8191
Castro/Upper Market,7938
Bernal Heights,6644
Hayes Valley,6541
South of Market,6125
Noe Valley,5620
Outer Richmond,5619
Pacific Heights,5460
Western Addition,5257
Haight Ashbury,5190
Inner Sunset,4877
Excelsior,4561
Marina,4060
Outer Mission,4004
Oceanview/Merced/Ingleside,3831
Inner Richmond,3656
Russian Hill,3440
Nob Hill,3350
Tenderloin,3283
Financial District/South Beach,3123
Potrero Hill,3113
Glen Park,2977
Lone Mountain/USF,2743
North Beach,2699
Portola,2373
Presidio Heights,2150
Twin Peaks,1408
Visitacion Valley,1190
Mission Bay,1143
Chinatown,958
Golden Gate Park,903
Lakeshore,900
Japantown,854
Seacliff,641
McLaren Park,357
Lincoln Park,120
Presidio,115
Treasure Island,101
