nbhd,A_codinh,B_theo_khu
Bayview Hunters Point,0.5587939698492462,0.8442211055276382
Bernal Heights,0.7487437185929648,0.9165829145728643
Castro/Upper Market,0.7246231155778895,0.7869346733668342
Chinatown,0.9899497487437185,0.9336683417085427
Excelsior,0.7597989949748744,0.7798994974874371
Financial District/South Beach,0.8693467336683417,0.7849246231155779
Glen Park,0.8994974874371859,0.7095477386934673
Golden Gate Park,0.9728643216080402,0.6150753768844222
Haight Ashbury,0.8010050251256281,0.8814070351758794
Hayes Valley,0.6653266331658292,0.7045226130653266
Inner Richmond,0.9396984924623115,0.8522613065326633
Inner Sunset,0.8623115577889447,0.878391959798995
Japantown,0.9869346733668342,0.8753768844221106
Lakeshore,0.9909547738693467,0.9015075376884422
Lincoln Park,1.0,0.935678391959799
Lone Mountain/USF,0.9336683417085427,0.7939698492462312
Marina,0.8170854271356784,0.8100502512562814
McLaren Park,0.9939698492462311,0.9577889447236181
Mission,0.4301507537688442,0.7829145728643216
Mission Bay,0.9678391959798995,0.8381909547738694
Nob Hill,0.7447236180904523,0.9045226130653267
Noe Valley,0.7085427135678392,0.8080402010050252
North Beach,0.942713567839196,0.8984924623115578
Oceanview/Merced/Ingleside,0.8512562814070351,0.7688442211055276
Outer Mission,0.8201005025125628,0.7698492462311558
Outer Richmond,0.8251256281407036,0.8894472361809045
Pacific Heights,0.7628140703517587,0.8773869346733668
Portola,0.8984924623115578,0.75678391959799
Potrero Hill,0.9276381909547738,0.8331658291457287
Presidio,1.0,0.9507537688442211
Presidio Heights,0.9447236180904522,0.8693467336683417
Russian Hill,0.8020100502512563,0.8040201005025126
Seacliff,0.9939698492462311,0.9336683417085427
South of Market,0.5698492462311557,0.8060301507537688
Sunset/Parkside,0.6934673366834171,0.8623115577889447
Tenderloin,0.7477386934673367,0.6060301507537689
Treasure Island,0.9819095477386934,0.629145728643216
Twin Peaks,0.9678391959798995,0.8522613065326633
Visitacion Valley,0.9567839195979899,0.8291457286432161
West of Twin Peaks,0.6110552763819096,0.8
Western Addition,0.7788944723618091,0.7608040201005025
