month,MAE_Persistence,MAE_fixed,MAE_retrain,bias_fixed,bias_retrain,retrain_gain_pct
2024-01,4.200629425649095,4.011331122897999,4.011331122897999,-1.2650295540381886,-1.2650295540381886,0.0
2024-02,8.608915054667788,4.894271536436911,4.810760943144934,-2.761871017396011,-2.8067794743876484,1.7062926049414395
2024-03,2.3619197482297403,2.2922414468081196,2.2647448101314422,1.4859741984242305,1.446793811858784,1.199552373287971
2024-04,2.426829268292683,1.9748250695875702,1.9747893163846673,-0.0303812811511695,-0.03392757884291724,0.0018104491103287934
2024-05,2.793863099921322,2.387206453958614,2.4089223209419197,-0.23500311909073573,-0.23643693284473613,-0.9096769551412143
2024-06,2.8040650406504066,2.1268974148709185,2.1269808900116005,-0.11744784244952843,-0.08737594354159804,-0.003924737511940002
2024-07,3.169944925255704,2.376282399788269,2.377665737355183,-0.5377683725617284,-0.5578003742939667,-0.058214358993580184
2024-08,3.05507474429583,2.236062469996008,2.2354300560220652,-0.5572256252521882,-0.573553295683715,0.028282482373753748
2024-09,2.689430894308943,2.0816865571971173,2.076234824863213,-0.8306488074516298,-0.8223688592395201,0.261890163773959
2024-10,2.4767899291896143,2.012366260521349,1.9659954425376966,0.45518949228760613,0.4523319630518561,2.304293154449877
2024-11,2.988617886178862,2.2537369989378964,2.3199340928865224,-0.5720048824963865,-0.5222422729562127,-2.9372146785459963
2024-12,5.544453186467349,3.8347039223460135,3.7116118489298064,-2.3082799806390533,-2.3340778653525955,3.2099498659834302
2025-01,3.244689221085759,2.5582146859662807,2.636693866725763,-0.07406321181287173,0.16832714667550128,-3.067732399082823
2025-02,3.298780487804878,2.564779080351519,2.4954872863268136,-0.985517065416335,-0.5058443999155908,2.7016671554888294
2025-03,3.5059008654602675,2.990595269400403,2.9601824688398746,-0.796449409160044,-0.9216050075603645,1.0169480595288438
2025-04,3.3203252032520325,2.642350207724317,2.613366219303685,-1.1773117893262794,-1.113633200632527,1.096901854110921
2025-05,3.5963808025177024,2.992909379081092,2.9545052377661936,-1.7126223215001337,-1.6279404835308349,1.2831708699008293
2025-06,4.178861788617886,3.3918812821307487,3.421801760602233,-2.2331909009266284,-2.168451138899384,-0.8821204512408087
2025-07,3.996852871754524,4.223959719834421,3.97477889374224,-3.096337702987882,-2.7366741752715757,5.899223539516829
2025-08,4.291896144767899,4.205931822099678,3.900169039582001,-3.245105037634796,-2.6921328391454566,7.269798832950047
2025-09,4.182113821138211,3.94131992829381,3.4768888981991557,-2.9178188218094014,-2.0632852226020404,11.783641991623483
2025-10,4.090479937057435,3.1381301028655013,3.2809171808737787,-0.7400533022090942,-0.09592208274125257,-4.550068777514826
2025-11,3.682926829268293,2.963187928103252,2.8296152280908795,-1.5602119259069975,-1.0989370469214703,4.507736372221016
2025-12,4.686860739575137,4.103443798028386,3.9064418046419505,-3.554315613869405,-2.805260775889137,4.800894153371626
2026-01,3.6207710464201415,2.753056702160443,3.047269563911767,-0.5201882891260606,0.5589128749273908,-10.686770872552032
2026-02,3.3510452961672472,2.9781403078213207,2.716408837253055,-1.3210686873780404,-0.5725132050532552,8.788419735661723
2026-03,3.5121951219512195,2.9585353195158044,2.956876682200473,-1.5025939619466793,-0.9834735160708842,0.05606278567609202
2026-04,4.121951219512195,4.058432524930474,3.6106133077406413,-3.3167047064989807,-2.5605262889283997,11.034290072310727
2026-05,3.8316286388670338,3.375760183001163,3.2490361411737494,-2.382373129873319,-1.4760865424993672,3.7539408890933657
2026-06,3.678861788617886,2.948217531835797,2.7957354430363766,-1.7067725162700214,-0.9005341269190013,5.1720094312197045
2026-07,4.1070023603461845,3.27903617620559,3.051050271218163,-2.2776604256996333,-1.1929646554250652,6.9528328672252115
2026-08,3.5664830841856805,2.8733000998544598,2.7418039747212206,-1.5858214310728134,-0.5008020209497981,4.576484201559728
2026-09,3.454123112659698,3.041014434149048,2.8648304400071667,-1.9145442284940277,-0.9835810909592139,5.793592827558614
